	
insert into users (lastname,firstname,email,username,passwd) values ("La Rosa", "Marcello", "m.larosa@qut.edu.au", "larosa", "");
insert into users (lastname,firstname,email,username,passwd) values ("Fauvet","Marie","marie-christine.fauvet@qut.edu.au","fauvet", "");
insert into users (lastname,firstname,email,username,passwd) values ("Ter Hofstede","Arthur","arthur@yawlfoundation.org","arthur", "");
insert into users (lastname,firstname,email,username,passwd) values ("Garcia-Banuelos","Luciano","lgbanuelos@gmail.com","luciano", "");
insert into users (lastname,firstname,email,username,passwd) values ("Dijkman","Remco","R.M.Dijkman@tue.nl","remco", "");

insert into canonicals (uri) values ("pet1.cpf");
insert into canonicals (uri) values ("pet2.cpf");
insert into canonicals (uri) values ("pet3.cpf");
insert into canonicals (uri) values ("pet4.cpf");
insert into canonicals (uri) values ("invoice1.cpf");
insert into canonicals (uri) values ("invoice2.cpf");
insert into canonicals (uri) values ("shipment1.cpf");
insert into canonicals (uri) values ("shipment2.cpf");
insert into canonicals (uri) values ("pet5.cpf");
insert into canonicals (uri) values ("payment1.cpf");
insert into canonicals (uri) values ("payment2.cpf");
insert into canonicals (uri) values ("pet6.cpf");
insert into canonicals (uri) values ("pet7.cpf");
insert into canonicals (uri) values ("pet8.cpf");
insert into canonicals (uri) values ("pet9.cpf");
insert into canonicals (uri) values ("pet10.cpf");
insert into canonicals (uri) values ("pet11.cpf");
insert into canonicals (uri) values ("pet12.cpf");
insert into canonicals (uri) values ("pet13.cpf");
insert into canonicals (uri) values ("pet14.cpf");
insert into canonicals (uri) values ("LodgeClaim.cpf");
insert into canonicals (uri) values ("QuoteRequest.cpf");
insert into canonicals (uri) values ("pet15.cpf");
insert into canonicals (uri) values ("pet16.cpf");
insert into canonicals (uri) values ("pet17.cpf");
insert into canonicals (uri) values ("pet18.cpf");
insert into canonicals (uri) values ("pet19.cpf");
insert into canonicals (uri) values ("payment3.cpf");
insert into canonicals (uri) values ("payment4.cpf");
insert into canonicals (uri) values ("payment5.cpf");
insert into canonicals (uri) values ("LodgeClaim1.cpf");
insert into canonicals (uri) values ("QuoteRequest1.cpf");
insert into canonicals (uri) values ("LodgeClaim2.cpf");
insert into canonicals (uri) values ("QuoteRequest2.cpf");
insert into canonicals (uri) values ("LodgeClaim3.cpf");
insert into canonicals (uri) values ("QuoteRequest3.cpf");

insert into native_types values ("EPML 2.0");
insert into native_types values ("XPDL 2.1");
insert into native_types values ("BPMN 2.0");
insert into native_types values ("YAWL 2.0");
insert into native_types values ("BPEL 2.0");
insert into native_types values ("Protos 8.0.2");
insert into native_types values ("PNML 1.3.2");

insert into natives (uri,nat_type, canonical) values ("npf1","EPML 2.0","pet1.cpf");
insert into natives (uri,nat_type, canonical) values ("npf2","Protos 8.0.2","pet2.cpf");
insert into natives (uri,nat_type, canonical) values ("npf3","YAWL 2.0","pet3.cpf");
insert into natives (uri,nat_type, canonical) values ("npf4","EPML 2.0","pet4.cpf");
insert into natives (uri,nat_type, canonical) values ("npf5","YAWL 2.0","invoice1.cpf");
insert into natives (uri,nat_type, canonical) values ("npf6","Protos 8.0.2","invoice2.cpf");
insert into natives (uri,nat_type, canonical) values ("npf7","XPDL 2.1","shipment1.cpf");
insert into natives (uri,nat_type, canonical) values ("npf8","XPDL 2.1","shipment2.cpf");
insert into natives (uri,nat_type, canonical) values ("npf9","XPDL 2.1","pet5.cpf");
insert into natives (uri,nat_type, canonical) values ("npf10","YAWL 2.0","payment1.cpf");
insert into natives (uri,nat_type, canonical) values ("npf11","Protos 8.0.2","payment2.cpf");
insert into natives (uri,nat_type, canonical) values ("npf12","Protos 8.0.2","pet6.cpf");
insert into natives (uri,nat_type, canonical) values ("npf13","EPML 2.0","pet7.cpf");
insert into natives (uri,nat_type, canonical) values ("npf14","YAWL 2.0","pet8.cpf");
insert into natives (uri,nat_type, canonical) values ("npf15","XPDL 2.1","pet9.cpf");
insert into natives (uri,nat_type, canonical) values ("npf16","YAWL 2.0","pet10.cpf");
insert into natives (uri,nat_type, canonical) values ("npf17","Protos 8.0.2","pet11.cpf");
insert into natives (uri,nat_type, canonical) values ("npf18","XPDL 2.1","pet12.cpf");
insert into natives (uri,nat_type, canonical) values ("npf19","XPDL 2.1","pet13.cpf");
insert into natives (uri,nat_type, canonical) values ("npf20","XPDL 2.1","pet14.cpf");
insert into natives (uri,nat_type, canonical) values ("npf21","XPDL 2.1","pet15.cpf");
insert into natives (uri,nat_type, canonical) values ("npf22","YAWL 2.0","pet16.cpf");
insert into natives (uri,nat_type, canonical) values ("npf23","XPDL 2.1","pet17.cpf");
insert into natives (uri,nat_type, canonical) values ("npf24","XPDL 2.1","pet18.cpf");
insert into natives (uri,nat_type, canonical) values ("npf25","YAWL 2.0","pet19.cpf");
insert into natives (uri,nat_type, canonical) values ("npf26","Protos 8.0.2","payment3.cpf");
insert into natives (uri,nat_type, canonical) values ("npf27","Protos 8.0.2","payment4.cpf");
insert into natives (uri,nat_type, canonical) values ("npf28","Protos 8.0.2","payment5.cpf");
insert into natives (uri,nat_type, canonical) values ("npf29","XPDL 2.1","LodgeClaim1.cpf");
insert into natives (uri,nat_type, canonical) values ("npf30","XPDL 2.1","LodgeClaim3.cpf");
insert into natives (uri,nat_type, canonical) values ("npf31","YAWL 2.0","LodgeClaim1.cpf");
insert into natives (uri,nat_type, canonical) values ("npf32","XPDL 2.1","QuoteRequest1.cpf");
insert into natives (uri,nat_type, canonical) values ("npf33","XPDL 2.1","QuoteRequest2.cpf");
insert into natives (uri,nat_type, canonical) values ("npf34","YAWL 2.0","QuoteRequest3.cpf");

insert into processes (name, domain, owner, original_type) values ("Pet registration - Cairns","Pet laws",1,"EPML 2.0");
insert into processes (name, domain, owner, original_type) values ("Pet registration - Cairns","Pet laws",1,"YAWL 2.0");
insert into processes (name, domain, owner, original_type) values ("Pet registration - Sydney","Pet laws",2,"Protos 8.0.2");
insert into processes (name, domain, owner, original_type) values ("Pet permit - Cairns","Pet laws",1,"Protos 8.0.2");
insert into processes (name, domain, owner, original_type) values ("Pet registration - Sydney","Pet laws",1,"XPDL 2.1");
insert into processes (name, domain, owner, original_type) values ("Shipment","Order management",2,"XPDL 2.1");
insert into processes (name, domain, owner, original_type) values ("Pet registration - Sydney","Pet laws",2,"YAWL 2.0");
insert into processes (name, domain, owner, original_type) values ("Pet registration - Sydney","Pet laws",2,"XPDL 2.1");
insert into processes (name, domain, owner, original_type) values ("Pet registration - Sydney","Pet laws",3,"XPDL 2.1");
insert into processes (name, domain, owner, original_type) values ("Invoicing","Order management",3,"XPDL 2.1");
insert into processes (name, domain, owner, original_type) values ("Pet permit - Cairns","Pet laws",3,"XPDL 2.1");
insert into processes (name, domain, owner, original_type) values ("Pet permit - Townville","Pet laws",3,"YAWL 2.0");
insert into processes (name, domain, owner, original_type) values ("Pet permit - Brisbane","Pet laws",2,"Protos 8.0.2");
insert into processes (name, domain, owner, original_type) values ("On line payment","Order management",1,"EPML 2.0");
insert into processes (name, domain, owner, original_type) values ("On line payment","Order management",1,"EPML 2.0");
insert into processes (name, domain, owner, original_type) values ("Lodge a claim", "Insurance", 4, "XPDL 2.1");
insert into processes (name, domain, owner, original_type) values ("Request a quote", "Commerce", 4, "XPDL 2.1");
insert into processes (name, domain, owner, original_type) values ("Pet permit - Cairns","Pet laws",3,"XPDL 2.1");
insert into processes (name, domain, owner, original_type) values ("Pet permit - Townville","Pet laws",3,"YAWL 2.0");
insert into processes (name, domain, owner, original_type) values ("Pet permit - Brisbane","Pet laws",2,"Protos 8.0.2");
insert into processes (name, domain, owner, original_type) values ("On line payment","Order management",1,"EPML 2.0");
insert into processes (name, domain, owner, original_type) values ("Pet permit - Brisbane","Pet laws",2,"Protos 8.0.2");
insert into processes (name, domain, owner, original_type) values ("On line payment","Order management",1,"EPML 2.0");
insert into processes (name, domain, owner, original_type) values ("Pet permit - Brisbane","Pet laws",2,"Protos 8.0.2");
insert into processes (name, domain, owner, original_type) values ("On line payment","Order management",1,"EPML 2.0");
insert into processes (name, domain, owner, original_type) values ("Lodge a claim", "Insurance", 4, "XPDL 2.1");
insert into processes (name, domain, owner, original_type) values ("Request a quote", "Commerce", 4, "XPDL 2.1");
insert into processes (name, domain, owner, original_type) values ("Lodge a claim", "Insurance", 4, "XPDL 2.1");
insert into processes (name, domain, owner, original_type) values ("Request a quote", "Commerce", 4, "XPDL 2.1");
insert into processes (name, domain, owner, original_type) values ("Lodge a claim", "Insurance", 4, "XPDL 2.1");
insert into processes (name, domain, owner, original_type) values ("Request a quote", "Commerce", 4, "XPDL 2.1");

insert into process_versions values (1,"v0",date_format("2009-02-25 8:55:01","%Y-%m-%d %H:%i:%s"),now(),"pet1.cpf",2);
insert into process_versions values (1,"v1",date_format("2010-01-24 8:55:01","%Y-%m-%d %H:%i:%s"),now(),"pet2.cpf",4);
insert into process_versions values (1,"v2",date_format("2010-01-25 8:55:01","%Y-%m-%d %H:%i:%s"),now(),"pet3.cpf",2);
insert into process_versions values (2,"v0",date_format("2010-01-25 8:55:01","%Y-%m-%d %H:%i:%s"),now(),"pet4.cpf",3);
insert into process_versions values (3,"v0",date_format("2010-01-25 8:55:01","%Y-%m-%d %H:%i:%s"),now(),"pet5.cpf",2);
insert into process_versions values (4,"v0",date_format("2010-01-22 8:55:01","%Y-%m-%d %H:%i:%s"),now(),"pet6.cpf",1);
insert into process_versions values (4,"v1",date_format("2010-01-24 8:55:01","%Y-%m-%d %H:%i:%s"),now(),"pet7.cpf",1);
insert into process_versions values (4,"v2",date_format("2010-01-25 8:55:01","%Y-%m-%d %H:%i:%s"),now(),"pet7.cpf",2);
insert into process_versions values (5,"v0",date_format("2010-02-20 8:55:01","%Y-%m-%d %H:%i:%s"),now(),"pet9.cpf",3);
insert into process_versions values (6,"v0",date_format("2010-02-21 8:55:01","%Y-%m-%d %H:%i:%s"),now(),"shipment1.cpf",4);
insert into process_versions values (7,"v0",date_format("2010-02-22 8:55:01","%Y-%m-%d %H:%i:%s"),now(),"pet10.cpf",3);
insert into process_versions values (8,"v0",date_format("2010-02-25 9:55:01","%Y-%m-%d %H:%i:%s"),now(),"pet11.cpf",3);
insert into process_versions values (9,"v0",date_format("2010-01-21 8:55:11","%Y-%m-%d %H:%i:%s"),now(),"invoice1.cpf",2);
insert into process_versions values (9,"v1",date_format("2010-02-20 8:55:01","%Y-%m-%d %H:%i:%s"),now(),"invoice1.cpf",1);
insert into process_versions values (10,"v0",date_format("2008-02-25 8:55:01","%Y-%m-%d %H:%i:%s"),now(),"pet11.cpf",1);
insert into process_versions values (11,"v0",date_format("2009-12-25 8:55:01","%Y-%m-%d %H:%i:%s"),now(),"pet12.cpf",3);
insert into process_versions values (12,"v0",date_format("2010-01-21 8:55:01","%Y-%m-%d %H:%i:%s"),now(),"pet13.cpf",3);
insert into process_versions values (13,"v0",date_format("2010-01-22 8:55:01","%Y-%m-%d %H:%i:%s"),now(),"payment1.cpf",4);
insert into process_versions values (14,"v0",date_format("2010-01-19 8:55:01","%Y-%m-%d %H:%i:%s"),now(),"payment2.cpf",4);
insert into process_versions values (15,"v0",date_format("2010-01-16 8:55:01","%Y-%m-%d %H:%i:%s"),now(),"pet14.cpf",4);
insert into process_versions values (16, "v0", date_format("2010-03-11 8:55:01","%Y-%m-%d %H:%i:%s"),now(),"LodgeClaim.cpf",5);
insert into process_versions values (17, "v0", date_format("2010-03-11 8:55:01","%Y-%m-%d %H:%i:%s"),now(),"QuoteRequest.cpf",5);
insert into process_versions values (18,"v0",date_format("2010-03-18 8:55:01","%Y-%m-%d %H:%i:%s"),now(),"pet15.cpf",0);
insert into process_versions values (19,"v0",date_format("2010-03-18 8:55:01","%Y-%m-%d %H:%i:%s"),now(),"pet16.cpf",0);
insert into process_versions values (20,"v0",date_format("2010-03-18 8:55:01","%Y-%m-%d %H:%i:%s"),now(),"pet17.cpf",0);
insert into process_versions values (21,"v0",date_format("2010-03-18 8:55:01","%Y-%m-%d %H:%i:%s"),now(),"payment3.cpf",4);
insert into process_versions values (22,"v0",date_format("2010-03-18 8:55:01","%Y-%m-%d %H:%i:%s"),now(),"pet18.cpf",0);
insert into process_versions values (23,"v0",date_format("2010-03-18 8:55:01","%Y-%m-%d %H:%i:%s"),now(),"payment4.cpf",4);
insert into process_versions values (24,"v0",date_format("2010-03-18 8:55:01","%Y-%m-%d %H:%i:%s"),now(),"pet19.cpf",0);
insert into process_versions values (25,"v0",date_format("2010-03-18 8:55:01","%Y-%m-%d %H:%i:%s"),now(),"payment5.cpf",4);
insert into process_versions values (26,"v0",date_format("2010-03-18 8:55:01","%Y-%m-%d %H:%i:%s"),now(),"lodgeclaim1.cpf",4);
insert into process_versions values (27,"v0",date_format("2010-03-18 8:55:01","%Y-%m-%d %H:%i:%s"),now(),"lodgeclaim2.cpf",0);
insert into process_versions values (28,"v0",date_format("2010-03-18 8:55:01","%Y-%m-%d %H:%i:%s"),now(),"lodgeclaim3.cpf",4);
insert into process_versions values (29,"v0",date_format("2010-03-18 8:55:01","%Y-%m-%d %H:%i:%s"),now(),"QuoteRequest1.cpf",0);
insert into process_versions values (30,"v0",date_format("2010-03-18 8:55:01","%Y-%m-%d %H:%i:%s"),now(),"QuoteRequest2.cpf",4);
insert into process_versions values (31,"v0",date_format("2010-03-18 8:55:01","%Y-%m-%d %H:%i:%s"),now(),"QuoteRequest3.cpf",4);

insert into search_histories(userId,search) values (1, "yawl");
insert into search_histories(userId,search) values (1, "bpmn");
insert into search_histories(userId,search) values (2, "yaw,protos, pet law");
select * from process_versions;